threshold,overall_recall,overall_specificity,overall_precision,overall_npv,overall_f1,overall_tp,overall_fp,overall_tn,overall_fn,adult_recall,adult_specificity,adult_precision,adult_npv,adult_f1,adult_fn,pediatric_recall,pediatric_specificity,pediatric_precision,pediatric_npv,pediatric_f1,pediatric_fp,baseline_fn_recovered
0.1,0.9765,0.5013,0.6258,0.9614,0.7627,622,372,374,15,0.8739,0.7556,0.4622,0.9614,0.6047,15,1.0,0.0,0.6736,0.0,0.805,251,19
0.15,0.9686,0.5375,0.6414,0.9525,0.7717,617,345,401,20,0.8319,0.8101,0.513,0.9525,0.6346,20,1.0,0.0,0.6736,0.0,0.805,251,14
0.2,0.9639,0.5643,0.6539,0.9482,0.7792,614,325,421,23,0.8067,0.8505,0.5647,0.9482,0.6644,23,1.0,0.0,0.6736,0.0,0.805,251,11
0.25,0.9545,0.5777,0.6587,0.937,0.7795,608,315,431,29,0.7563,0.8707,0.5844,0.937,0.6593,29,1.0,0.0,0.6736,0.0,0.805,251,5
0.3,0.9529,0.5845,0.6619,0.9356,0.7812,607,310,436,30,0.7479,0.8808,0.6014,0.9356,0.6667,30,1.0,0.0,0.6736,0.0,0.805,251,4
0.35,0.9498,0.5965,0.6678,0.9329,0.7842,605,301,445,32,0.7311,0.899,0.635,0.9329,0.6797,32,1.0,0.0,0.6736,0.0,0.805,251,2
0.37,0.9466,0.5992,0.6685,0.9293,0.7836,603,299,447,34,0.7143,0.903,0.6391,0.9293,0.6746,34,1.0,0.0,0.6736,0.0,0.805,251,0
0.4,0.9451,0.6059,0.6719,0.9281,0.7854,602,294,452,35,0.7059,0.9131,0.6614,0.9281,0.6829,35,1.0,0.0,0.6736,0.0,0.805,251,0
0.45,0.9403,0.6126,0.6745,0.9232,0.7856,599,289,457,38,0.6807,0.9232,0.6807,0.9232,0.6807,38,1.0,0.0,0.6736,0.0,0.805,251,0
0.5,0.9341,0.6247,0.68,0.9173,0.787,595,280,466,42,0.6471,0.9414,0.7264,0.9173,0.6844,42,1.0,0.0,0.6736,0.0,0.805,251,0
