epoch,stage,train_loss,val_loss,val_roc_auc,val_pr_auc,val_brier,val_ece,epoch_duration_sec
1,1,0.3733,0.4969,0.9405,0.9794,0.1012,0.1123,212.0
2,1,0.3506,0.4816,0.9405,0.9794,0.0987,0.1115,214.9
3,1,0.344,0.4722,0.9405,0.9794,0.0977,0.0995,217.4
4,2,0.3466,0.4665,0.9404,0.9794,0.0992,0.098,318.3
5,2,0.342,0.4696,0.9404,0.9794,0.0963,0.0907,324.1
6,2,0.3391,0.4685,0.9404,0.9794,0.0983,0.0946,292.7
7,2,0.3431,0.469,0.9404,0.9794,0.0978,0.0962,376.6
8,2,0.3405,0.4677,0.9404,0.9794,0.0967,0.0891,305.4
9,2,0.3399,0.4675,0.9404,0.9794,0.1006,0.1022,316.7
10,2,0.3398,0.4698,0.9404,0.9794,0.101,0.1113,326.2
11,2,0.3382,0.47,0.9404,0.9794,0.0999,0.1046,531.7
12,2,0.3394,0.4676,0.9404,0.9794,0.0978,0.0946,286.3
13,2,0.3409,0.4686,0.9404,0.9794,0.0988,0.1007,330.0
14,2,0.3383,0.4713,0.9404,0.9794,0.0994,0.1079,330.1
15,2,0.339,0.4685,0.9404,0.9794,0.0992,0.1023,886.4
