threshold,sensitivity,specificity,precision,npv,f1_score,tp,fp,tn,fn
0.01,91.74,77.36,90.24,80.39,0.9098,222,24,82,20
0.02,91.74,77.36,90.24,80.39,0.9098,222,24,82,20
0.03,91.74,77.36,90.24,80.39,0.9098,222,24,82,20
0.04,91.74,77.36,90.24,80.39,0.9098,222,24,82,20
0.05,91.74,77.36,90.24,80.39,0.9098,222,24,82,20
0.06,91.74,77.36,90.24,80.39,0.9098,222,24,82,20
0.07,91.74,77.36,90.24,80.39,0.9098,222,24,82,20
0.08,91.74,77.36,90.24,80.39,0.9098,222,24,82,20
0.09,91.74,77.36,90.24,80.39,0.9098,222,24,82,20
0.1,91.74,77.36,90.24,80.39,0.9098,222,24,82,20
0.11,91.74,77.36,90.24,80.39,0.9098,222,24,82,20
0.12,91.74,77.36,90.24,80.39,0.9098,222,24,82,20
0.13,91.74,77.36,90.24,80.39,0.9098,222,24,82,20
0.14,91.74,77.36,90.24,80.39,0.9098,222,24,82,20
0.15,91.74,77.36,90.24,80.39,0.9098,222,24,82,20
0.16,91.74,77.36,90.24,80.39,0.9098,222,24,82,20
0.17,91.74,77.36,90.24,80.39,0.9098,222,24,82,20
0.18,91.74,77.36,90.24,80.39,0.9098,222,24,82,20
0.19,91.74,77.36,90.24,80.39,0.9098,222,24,82,20
0.2,91.74,77.36,90.24,80.39,0.9098,222,24,82,20
0.21,91.74,77.36,90.24,80.39,0.9098,222,24,82,20
0.22,91.74,77.36,90.24,80.39,0.9098,222,24,82,20
0.23,91.74,77.36,90.24,80.39,0.9098,222,24,82,20
0.24,91.74,77.36,90.24,80.39,0.9098,222,24,82,20
0.25,91.74,77.36,90.24,80.39,0.9098,222,24,82,20
0.26,91.74,77.36,90.24,80.39,0.9098,222,24,82,20
0.27,91.74,77.36,90.24,80.39,0.9098,222,24,82,20
0.28,91.74,77.36,90.24,80.39,0.9098,222,24,82,20
0.29,91.74,77.36,90.24,80.39,0.9098,222,24,82,20
0.3,91.74,77.36,90.24,80.39,0.9098,222,24,82,20
0.31,91.74,77.36,90.24,80.39,0.9098,222,24,82,20
0.32,91.74,77.36,90.24,80.39,0.9098,222,24,82,20
0.33,91.74,77.36,90.24,80.39,0.9098,222,24,82,20
0.34,91.74,77.36,90.24,80.39,0.9098,222,24,82,20
0.35,91.74,77.36,90.24,80.39,0.9098,222,24,82,20
0.36,91.74,77.36,90.24,80.39,0.9098,222,24,82,20
0.37,91.74,77.36,90.24,80.39,0.9098,222,24,82,20
0.38,91.74,77.36,90.24,80.39,0.9098,222,24,82,20
0.39,91.74,77.36,90.24,80.39,0.9098,222,24,82,20
0.4,91.74,77.36,90.24,80.39,0.9098,222,24,82,20
0.41,91.74,77.36,90.24,80.39,0.9098,222,24,82,20
0.42,91.74,77.36,90.24,80.39,0.9098,222,24,82,20
0.43,91.74,77.36,90.24,80.39,0.9098,222,24,82,20
0.44,91.74,77.36,90.24,80.39,0.9098,222,24,82,20
0.45,91.74,77.36,90.24,80.39,0.9098,222,24,82,20
0.46,91.74,77.36,90.24,80.39,0.9098,222,24,82,20
0.47,91.74,77.36,90.24,80.39,0.9098,222,24,82,20
0.48,91.74,77.36,90.24,80.39,0.9098,222,24,82,20
0.49,91.74,77.36,90.24,80.39,0.9098,222,24,82,20
0.5,91.74,77.36,90.24,80.39,0.9098,222,24,82,20
0.51,91.74,77.36,90.24,80.39,0.9098,222,24,82,20
0.52,91.74,77.36,90.24,80.39,0.9098,222,24,82,20
0.53,91.74,77.36,90.24,80.39,0.9098,222,24,82,20
0.54,91.74,77.36,90.24,80.39,0.9098,222,24,82,20
0.55,91.74,77.36,90.24,80.39,0.9098,222,24,82,20
0.56,91.74,77.36,90.24,80.39,0.9098,222,24,82,20
0.57,91.74,77.36,90.24,80.39,0.9098,222,24,82,20
0.58,91.74,77.36,90.24,80.39,0.9098,222,24,82,20
0.59,91.74,77.36,90.24,80.39,0.9098,222,24,82,20
0.6,91.74,77.36,90.24,80.39,0.9098,222,24,82,20
0.61,91.74,77.36,90.24,80.39,0.9098,222,24,82,20
0.62,91.74,77.36,90.24,80.39,0.9098,222,24,82,20
0.63,91.74,77.36,90.24,80.39,0.9098,222,24,82,20
0.64,91.74,77.36,90.24,80.39,0.9098,222,24,82,20
0.65,89.26,87.74,94.32,78.15,0.9172,216,13,93,26
0.66,89.26,87.74,94.32,78.15,0.9172,216,13,93,26
0.67,89.26,87.74,94.32,78.15,0.9172,216,13,93,26
0.68,89.26,87.74,94.32,78.15,0.9172,216,13,93,26
0.69,89.26,87.74,94.32,78.15,0.9172,216,13,93,26
0.7,79.34,99.06,99.48,67.74,0.8828,192,1,105,50
0.71,79.34,99.06,99.48,67.74,0.8828,192,1,105,50
0.72,79.34,99.06,99.48,67.74,0.8828,192,1,105,50
0.73,79.34,99.06,99.48,67.74,0.8828,192,1,105,50
0.74,79.34,99.06,99.48,67.74,0.8828,192,1,105,50
0.75,79.34,99.06,99.48,67.74,0.8828,192,1,105,50
0.76,79.34,99.06,99.48,67.74,0.8828,192,1,105,50
0.77,79.34,99.06,99.48,67.74,0.8828,192,1,105,50
0.78,79.34,99.06,99.48,67.74,0.8828,192,1,105,50
0.79,79.34,99.06,99.48,67.74,0.8828,192,1,105,50
0.8,79.34,99.06,99.48,67.74,0.8828,192,1,105,50
0.81,79.34,99.06,99.48,67.74,0.8828,192,1,105,50
0.82,79.34,99.06,99.48,67.74,0.8828,192,1,105,50
0.83,79.34,99.06,99.48,67.74,0.8828,192,1,105,50
0.84,79.34,99.06,99.48,67.74,0.8828,192,1,105,50
0.85,79.34,99.06,99.48,67.74,0.8828,192,1,105,50
0.86,79.34,99.06,99.48,67.74,0.8828,192,1,105,50
0.87,79.34,99.06,99.48,67.74,0.8828,192,1,105,50
0.88,79.34,99.06,99.48,67.74,0.8828,192,1,105,50
0.89,79.34,99.06,99.48,67.74,0.8828,192,1,105,50
0.9,79.34,99.06,99.48,67.74,0.8828,192,1,105,50
0.91,79.34,99.06,99.48,67.74,0.8828,192,1,105,50
0.92,79.34,99.06,99.48,67.74,0.8828,192,1,105,50
0.93,0.41,100.0,100.0,30.55,0.0082,1,0,106,241
0.94,0.0,100.0,0.0,30.46,0.0,0,0,106,242
0.95,0.0,100.0,0.0,30.46,0.0,0,0,106,242
0.96,0.0,100.0,0.0,30.46,0.0,0,0,106,242
0.97,0.0,100.0,0.0,30.46,0.0,0,0,106,242
0.98,0.0,100.0,0.0,30.46,0.0,0,0,106,242
0.99,0.0,100.0,0.0,30.46,0.0,0,0,106,242
