image_id,dataset_source,ground_truth,image_path,predicted_box,detector_conf,detected_as_fracture
0017_1043285040_01_WRI-L1_F001,GRAZPEDWRI-DX Normal Controls,0,d:\projects\MediMind\ai-prediction-service\artifacts\fracture_v2\experiment5_localization\dataset\images\test\0017_1043285040_01_WRI-L1_F001.png,"[0.2356, 0.5769, 0.3421, 0.646]",0.1982,1
0067_0809587282_01_WRI-R1_M013,GRAZPEDWRI-DX Normal Controls,0,d:\projects\MediMind\ai-prediction-service\artifacts\fracture_v2\experiment5_localization\dataset\images\test\0067_0809587282_01_WRI-R1_M013.png,NONE,0.0,0
0067_0809587302_01_WRI-R2_M013,GRAZPEDWRI-DX Normal Controls,0,d:\projects\MediMind\ai-prediction-service\artifacts\fracture_v2\experiment5_localization\dataset\images\test\0067_0809587302_01_WRI-R2_M013.png,NONE,0.0,0
0072_0432564942_01_WRI-R1_M015,GRAZPEDWRI-DX Normal Controls,0,d:\projects\MediMind\ai-prediction-service\artifacts\fracture_v2\experiment5_localization\dataset\images\test\0072_0432564942_01_WRI-R1_M015.png,NONE,0.0,0
0072_0432565020_02_WRI-R2_M015,GRAZPEDWRI-DX Normal Controls,0,d:\projects\MediMind\ai-prediction-service\artifacts\fracture_v2\experiment5_localization\dataset\images\test\0072_0432565020_02_WRI-R2_M015.png,NONE,0.0,0
0076_0818101753_01_WRI-R1_M014,GRAZPEDWRI-DX Normal Controls,0,d:\projects\MediMind\ai-prediction-service\artifacts\fracture_v2\experiment5_localization\dataset\images\test\0076_0818101753_01_WRI-R1_M014.png,NONE,0.0,0
0076_0818101800_01_WRI-R2_M014,GRAZPEDWRI-DX Normal Controls,0,d:\projects\MediMind\ai-prediction-service\artifacts\fracture_v2\experiment5_localization\dataset\images\test\0076_0818101800_01_WRI-R2_M014.png,NONE,0.0,0
0091_0524008082_01_WRI-R1_F008,GRAZPEDWRI-DX Normal Controls,0,d:\projects\MediMind\ai-prediction-service\artifacts\fracture_v2\experiment5_localization\dataset\images\test\0091_0524008082_01_WRI-R1_F008.png,NONE,0.0,0
0091_0524008157_01_WRI-R2_F008,GRAZPEDWRI-DX Normal Controls,0,d:\projects\MediMind\ai-prediction-service\artifacts\fracture_v2\experiment5_localization\dataset\images\test\0091_0524008157_01_WRI-R2_F008.png,NONE,0.0,0
0096_0818539808_01_WRI-R1_F013,GRAZPEDWRI-DX Normal Controls,0,d:\projects\MediMind\ai-prediction-service\artifacts\fracture_v2\experiment5_localization\dataset\images\test\0096_0818539808_01_WRI-R1_F013.png,NONE,0.0,0
0096_0818539835_01_WRI-R2_F013,GRAZPEDWRI-DX Normal Controls,0,d:\projects\MediMind\ai-prediction-service\artifacts\fracture_v2\experiment5_localization\dataset\images\test\0096_0818539835_01_WRI-R2_F013.png,NONE,0.0,0
0138_0518470936_01_WRI-L1_F008,GRAZPEDWRI-DX Normal Controls,0,d:\projects\MediMind\ai-prediction-service\artifacts\fracture_v2\experiment5_localization\dataset\images\test\0138_0518470936_01_WRI-L1_F008.png,NONE,0.0,0
0138_0518470961_01_WRI-L2_F008,GRAZPEDWRI-DX Normal Controls,0,d:\projects\MediMind\ai-prediction-service\artifacts\fracture_v2\experiment5_localization\dataset\images\test\0138_0518470961_01_WRI-L2_F008.png,NONE,0.0,0
0143_0937865155_01_WRI-L1_F010,GRAZPEDWRI-DX Normal Controls,0,d:\projects\MediMind\ai-prediction-service\artifacts\fracture_v2\experiment5_localization\dataset\images\test\0143_0937865155_01_WRI-L1_F010.png,NONE,0.0,0
0143_0937865220_01_WRI-L2_F010,GRAZPEDWRI-DX Normal Controls,0,d:\projects\MediMind\ai-prediction-service\artifacts\fracture_v2\experiment5_localization\dataset\images\test\0143_0937865220_01_WRI-L2_F010.png,NONE,0.0,0
0144_0934034718_01_WRI-R1_M008,GRAZPEDWRI-DX Normal Controls,0,d:\projects\MediMind\ai-prediction-service\artifacts\fracture_v2\experiment5_localization\dataset\images\test\0144_0934034718_01_WRI-R1_M008.png,NONE,0.0,0
0153_0319273069_01_WRI-R2_M016,GRAZPEDWRI-DX Normal Controls,0,d:\projects\MediMind\ai-prediction-service\artifacts\fracture_v2\experiment5_localization\dataset\images\test\0153_0319273069_01_WRI-R2_M016.png,NONE,0.0,0
0162_0374450809_01_WRI-R1_F007,GRAZPEDWRI-DX Normal Controls,0,d:\projects\MediMind\ai-prediction-service\artifacts\fracture_v2\experiment5_localization\dataset\images\test\0162_0374450809_01_WRI-R1_F007.png,NONE,0.0,0
0173_0567373737_01_WRI-L1_M015,GRAZPEDWRI-DX Normal Controls,0,d:\projects\MediMind\ai-prediction-service\artifacts\fracture_v2\experiment5_localization\dataset\images\test\0173_0567373737_01_WRI-L1_M015.png,NONE,0.0,0
0173_0567373769_01_WRI-L2_M015,GRAZPEDWRI-DX Normal Controls,0,d:\projects\MediMind\ai-prediction-service\artifacts\fracture_v2\experiment5_localization\dataset\images\test\0173_0567373769_01_WRI-L2_M015.png,NONE,0.0,0
0176_0797491425_01_WRI-L1_F008,GRAZPEDWRI-DX Normal Controls,0,d:\projects\MediMind\ai-prediction-service\artifacts\fracture_v2\experiment5_localization\dataset\images\test\0176_0797491425_01_WRI-L1_F008.png,NONE,0.0,0
0176_0797491507_01_WRI-L2_F008,GRAZPEDWRI-DX Normal Controls,0,d:\projects\MediMind\ai-prediction-service\artifacts\fracture_v2\experiment5_localization\dataset\images\test\0176_0797491507_01_WRI-L2_F008.png,NONE,0.0,0
0194_1199919088_01_WRI-R1_F009,GRAZPEDWRI-DX Normal Controls,0,d:\projects\MediMind\ai-prediction-service\artifacts\fracture_v2\experiment5_localization\dataset\images\test\0194_1199919088_01_WRI-R1_F009.png,NONE,0.0,0
0194_1199919120_01_WRI-R2_F009,GRAZPEDWRI-DX Normal Controls,0,d:\projects\MediMind\ai-prediction-service\artifacts\fracture_v2\experiment5_localization\dataset\images\test\0194_1199919120_01_WRI-R2_F009.png,NONE,0.0,0
0194_1282866363_02_WRI-R1_F012,GRAZPEDWRI-DX Normal Controls,0,d:\projects\MediMind\ai-prediction-service\artifacts\fracture_v2\experiment5_localization\dataset\images\test\0194_1282866363_02_WRI-R1_F012.png,NONE,0.0,0
0194_1282866394_02_WRI-R2_F012,GRAZPEDWRI-DX Normal Controls,0,d:\projects\MediMind\ai-prediction-service\artifacts\fracture_v2\experiment5_localization\dataset\images\test\0194_1282866394_02_WRI-R2_F012.png,NONE,0.0,0
0196_0780000241_01_WRI-L2_M015,GRAZPEDWRI-DX Normal Controls,0,d:\projects\MediMind\ai-prediction-service\artifacts\fracture_v2\experiment5_localization\dataset\images\test\0196_0780000241_01_WRI-L2_M015.png,NONE,0.0,0
0196_0780000291_01_WRI-L2_M015,GRAZPEDWRI-DX Normal Controls,0,d:\projects\MediMind\ai-prediction-service\artifacts\fracture_v2\experiment5_localization\dataset\images\test\0196_0780000291_01_WRI-L2_M015.png,NONE,0.0,0
0221_1109498939_01_WRI-L2_M002,GRAZPEDWRI-DX Normal Controls,0,d:\projects\MediMind\ai-prediction-service\artifacts\fracture_v2\experiment5_localization\dataset\images\test\0221_1109498939_01_WRI-L2_M002.png,NONE,0.0,0
0238_0519545809_01_WRI-R1_M011,GRAZPEDWRI-DX Normal Controls,0,d:\projects\MediMind\ai-prediction-service\artifacts\fracture_v2\experiment5_localization\dataset\images\test\0238_0519545809_01_WRI-R1_M011.png,NONE,0.0,0
0238_0519545848_01_WRI-R2_M011,GRAZPEDWRI-DX Normal Controls,0,d:\projects\MediMind\ai-prediction-service\artifacts\fracture_v2\experiment5_localization\dataset\images\test\0238_0519545848_01_WRI-R2_M011.png,NONE,0.0,0
0263_0600657511_01_WRI-L1_M014,GRAZPEDWRI-DX Normal Controls,0,d:\projects\MediMind\ai-prediction-service\artifacts\fracture_v2\experiment5_localization\dataset\images\test\0263_0600657511_01_WRI-L1_M014.png,NONE,0.0,0
0263_0600657552_01_WRI-L2_M014,GRAZPEDWRI-DX Normal Controls,0,d:\projects\MediMind\ai-prediction-service\artifacts\fracture_v2\experiment5_localization\dataset\images\test\0263_0600657552_01_WRI-L2_M014.png,NONE,0.0,0
0263_0649338478_02_WRI-R1_M015,GRAZPEDWRI-DX Normal Controls,0,d:\projects\MediMind\ai-prediction-service\artifacts\fracture_v2\experiment5_localization\dataset\images\test\0263_0649338478_02_WRI-R1_M015.png,NONE,0.0,0
0263_0649338506_02_WRI-R2_M015,GRAZPEDWRI-DX Normal Controls,0,d:\projects\MediMind\ai-prediction-service\artifacts\fracture_v2\experiment5_localization\dataset\images\test\0263_0649338506_02_WRI-R2_M015.png,NONE,0.0,0
0290_0547517104_01_WRI-R1_F015,GRAZPEDWRI-DX Normal Controls,0,d:\projects\MediMind\ai-prediction-service\artifacts\fracture_v2\experiment5_localization\dataset\images\test\0290_0547517104_01_WRI-R1_F015.png,NONE,0.0,0
0290_0547517146_01_WRI-R2_F015,GRAZPEDWRI-DX Normal Controls,0,d:\projects\MediMind\ai-prediction-service\artifacts\fracture_v2\experiment5_localization\dataset\images\test\0290_0547517146_01_WRI-R2_F015.png,"[0.1335, 0.0757, 0.37, 0.1494]",0.2373,1
0293_1205392421_01_WRI-L1_F011,GRAZPEDWRI-DX Normal Controls,0,d:\projects\MediMind\ai-prediction-service\artifacts\fracture_v2\experiment5_localization\dataset\images\test\0293_1205392421_01_WRI-L1_F011.png,"[0.0932, 0.0726, 0.2313, 0.1363]",0.4076,1
0293_1205392495_01_WRI-L2_F011,GRAZPEDWRI-DX Normal Controls,0,d:\projects\MediMind\ai-prediction-service\artifacts\fracture_v2\experiment5_localization\dataset\images\test\0293_1205392495_01_WRI-L2_F011.png,NONE,0.0,0
0311_0887037699_01_WRI-R1_M014,GRAZPEDWRI-DX Normal Controls,0,d:\projects\MediMind\ai-prediction-service\artifacts\fracture_v2\experiment5_localization\dataset\images\test\0311_0887037699_01_WRI-R1_M014.png,"[0.497, 0.3793, 0.6242, 0.4462]",0.2115,1
0311_0888585035_02_WRI-R2_M014,GRAZPEDWRI-DX Normal Controls,0,d:\projects\MediMind\ai-prediction-service\artifacts\fracture_v2\experiment5_localization\dataset\images\test\0311_0888585035_02_WRI-R2_M014.png,NONE,0.0,0
0318_0437273870_01_WRI-R1_F015,GRAZPEDWRI-DX Normal Controls,0,d:\projects\MediMind\ai-prediction-service\artifacts\fracture_v2\experiment5_localization\dataset\images\test\0318_0437273870_01_WRI-R1_F015.png,NONE,0.0,0
0318_0437273899_01_WRI-R2_F015,GRAZPEDWRI-DX Normal Controls,0,d:\projects\MediMind\ai-prediction-service\artifacts\fracture_v2\experiment5_localization\dataset\images\test\0318_0437273899_01_WRI-R2_F015.png,"[0.5192, 0.5713, 0.7349, 0.6725]",0.2995,1
0318_0443940840_02_WRI-L1_F015,GRAZPEDWRI-DX Normal Controls,0,d:\projects\MediMind\ai-prediction-service\artifacts\fracture_v2\experiment5_localization\dataset\images\test\0318_0443940840_02_WRI-L1_F015.png,NONE,0.0,0
0318_0443940876_02_WRI-L2_F015,GRAZPEDWRI-DX Normal Controls,0,d:\projects\MediMind\ai-prediction-service\artifacts\fracture_v2\experiment5_localization\dataset\images\test\0318_0443940876_02_WRI-L2_F015.png,NONE,0.0,0
0328_1186672082_01_WRI-L1_M008,GRAZPEDWRI-DX Normal Controls,0,d:\projects\MediMind\ai-prediction-service\artifacts\fracture_v2\experiment5_localization\dataset\images\test\0328_1186672082_01_WRI-L1_M008.png,NONE,0.0,0
0328_1186672111_01_WRI-L2_M008,GRAZPEDWRI-DX Normal Controls,0,d:\projects\MediMind\ai-prediction-service\artifacts\fracture_v2\experiment5_localization\dataset\images\test\0328_1186672111_01_WRI-L2_M008.png,NONE,0.0,0
0329_1030510653_01_WRI-R1_M016,GRAZPEDWRI-DX Normal Controls,0,d:\projects\MediMind\ai-prediction-service\artifacts\fracture_v2\experiment5_localization\dataset\images\test\0329_1030510653_01_WRI-R1_M016.png,"[0.0373, 0.0609, 0.1422, 0.119]",0.4271,1
0329_1030510740_01_WRI-R2_M016,GRAZPEDWRI-DX Normal Controls,0,d:\projects\MediMind\ai-prediction-service\artifacts\fracture_v2\experiment5_localization\dataset\images\test\0329_1030510740_01_WRI-R2_M016.png,NONE,0.0,0
0335_0378744490_01_WRI-R1_F011,GRAZPEDWRI-DX Normal Controls,0,d:\projects\MediMind\ai-prediction-service\artifacts\fracture_v2\experiment5_localization\dataset\images\test\0335_0378744490_01_WRI-R1_F011.png,NONE,0.0,0
0335_0378744522_01_WRI-R2_F011,GRAZPEDWRI-DX Normal Controls,0,d:\projects\MediMind\ai-prediction-service\artifacts\fracture_v2\experiment5_localization\dataset\images\test\0335_0378744522_01_WRI-R2_F011.png,"[0.4343, 0.4242, 0.6973, 0.5074]",0.1933,1
0335_0451777909_02_WRI-L1_F013,GRAZPEDWRI-DX Normal Controls,0,d:\projects\MediMind\ai-prediction-service\artifacts\fracture_v2\experiment5_localization\dataset\images\test\0335_0451777909_02_WRI-L1_F013.png,NONE,0.0,0
0335_0451777937_02_WRI-L2_F013,GRAZPEDWRI-DX Normal Controls,0,d:\projects\MediMind\ai-prediction-service\artifacts\fracture_v2\experiment5_localization\dataset\images\test\0335_0451777937_02_WRI-L2_F013.png,NONE,0.0,0
0362_0183357903_01_WRI-R1_F003,GRAZPEDWRI-DX Normal Controls,0,d:\projects\MediMind\ai-prediction-service\artifacts\fracture_v2\experiment5_localization\dataset\images\test\0362_0183357903_01_WRI-R1_F003.png,NONE,0.0,0
0362_0183357948_01_WRI-R2_F003,GRAZPEDWRI-DX Normal Controls,0,d:\projects\MediMind\ai-prediction-service\artifacts\fracture_v2\experiment5_localization\dataset\images\test\0362_0183357948_01_WRI-R2_F003.png,NONE,0.0,0
0362_0400217911_02_WRI-L1_F010,GRAZPEDWRI-DX Normal Controls,0,d:\projects\MediMind\ai-prediction-service\artifacts\fracture_v2\experiment5_localization\dataset\images\test\0362_0400217911_02_WRI-L1_F010.png,NONE,0.0,0
0362_0400217948_02_WRI-L2_F010,GRAZPEDWRI-DX Normal Controls,0,d:\projects\MediMind\ai-prediction-service\artifacts\fracture_v2\experiment5_localization\dataset\images\test\0362_0400217948_02_WRI-L2_F010.png,"[0.2672, 0.4376, 0.5305, 0.4913]",0.4199,1
0381_0170103266_01_WRI-R1_F012,GRAZPEDWRI-DX Normal Controls,0,d:\projects\MediMind\ai-prediction-service\artifacts\fracture_v2\experiment5_localization\dataset\images\test\0381_0170103266_01_WRI-R1_F012.png,NONE,0.0,0
0381_0170103300_01_WRI-R2_F012,GRAZPEDWRI-DX Normal Controls,0,d:\projects\MediMind\ai-prediction-service\artifacts\fracture_v2\experiment5_localization\dataset\images\test\0381_0170103300_01_WRI-R2_F012.png,NONE,0.0,0
0385_0363026767_01_WRI-L1_F016,GRAZPEDWRI-DX Normal Controls,0,d:\projects\MediMind\ai-prediction-service\artifacts\fracture_v2\experiment5_localization\dataset\images\test\0385_0363026767_01_WRI-L1_F016.png,NONE,0.0,0
0385_0363026801_01_WRI-L2_F016,GRAZPEDWRI-DX Normal Controls,0,d:\projects\MediMind\ai-prediction-service\artifacts\fracture_v2\experiment5_localization\dataset\images\test\0385_0363026801_01_WRI-L2_F016.png,NONE,0.0,0
0386_0704200283_01_WRI-R1_M012,GRAZPEDWRI-DX Normal Controls,0,d:\projects\MediMind\ai-prediction-service\artifacts\fracture_v2\experiment5_localization\dataset\images\test\0386_0704200283_01_WRI-R1_M012.png,NONE,0.0,0
0386_0704200329_01_WRI-R2_M012,GRAZPEDWRI-DX Normal Controls,0,d:\projects\MediMind\ai-prediction-service\artifacts\fracture_v2\experiment5_localization\dataset\images\test\0386_0704200329_01_WRI-R2_M012.png,NONE,0.0,0
0416_0370547593_02_WRI-L1_F013,GRAZPEDWRI-DX Normal Controls,0,d:\projects\MediMind\ai-prediction-service\artifacts\fracture_v2\experiment5_localization\dataset\images\test\0416_0370547593_02_WRI-L1_F013.png,NONE,0.0,0
0416_0370547649_02_WRI-L2_F013,GRAZPEDWRI-DX Normal Controls,0,d:\projects\MediMind\ai-prediction-service\artifacts\fracture_v2\experiment5_localization\dataset\images\test\0416_0370547649_02_WRI-L2_F013.png,"[0.4338, 0.4516, 0.6604, 0.524]",0.2943,1
0424_1002614166_01_WRI-L1_M011,GRAZPEDWRI-DX Normal Controls,0,d:\projects\MediMind\ai-prediction-service\artifacts\fracture_v2\experiment5_localization\dataset\images\test\0424_1002614166_01_WRI-L1_M011.png,NONE,0.0,0
0424_1002614201_01_WRI-L2_M011,GRAZPEDWRI-DX Normal Controls,0,d:\projects\MediMind\ai-prediction-service\artifacts\fracture_v2\experiment5_localization\dataset\images\test\0424_1002614201_01_WRI-L2_M011.png,NONE,0.0,0
0436_0621485541_01_WRI-R2_M010,GRAZPEDWRI-DX Normal Controls,0,d:\projects\MediMind\ai-prediction-service\artifacts\fracture_v2\experiment5_localization\dataset\images\test\0436_0621485541_01_WRI-R2_M010.png,NONE,0.0,0
0436_0621485593_01_WRI-R1_M010,GRAZPEDWRI-DX Normal Controls,0,d:\projects\MediMind\ai-prediction-service\artifacts\fracture_v2\experiment5_localization\dataset\images\test\0436_0621485593_01_WRI-R1_M010.png,NONE,0.0,0
0449_0834396804_01_WRI-R1_M016,GRAZPEDWRI-DX Normal Controls,0,d:\projects\MediMind\ai-prediction-service\artifacts\fracture_v2\experiment5_localization\dataset\images\test\0449_0834396804_01_WRI-R1_M016.png,NONE,0.0,0
0449_0834396824_01_WRI-R2_M016,GRAZPEDWRI-DX Normal Controls,0,d:\projects\MediMind\ai-prediction-service\artifacts\fracture_v2\experiment5_localization\dataset\images\test\0449_0834396824_01_WRI-R2_M016.png,NONE,0.0,0
0449_0834396854_01_WRI-L1_M016,GRAZPEDWRI-DX Normal Controls,0,d:\projects\MediMind\ai-prediction-service\artifacts\fracture_v2\experiment5_localization\dataset\images\test\0449_0834396854_01_WRI-L1_M016.png,NONE,0.0,0
0449_0834396875_01_WRI-L2_M016,GRAZPEDWRI-DX Normal Controls,0,d:\projects\MediMind\ai-prediction-service\artifacts\fracture_v2\experiment5_localization\dataset\images\test\0449_0834396875_01_WRI-L2_M016.png,NONE,0.0,0
0463_0648751949_01_WRI-R1_F009,GRAZPEDWRI-DX Normal Controls,0,d:\projects\MediMind\ai-prediction-service\artifacts\fracture_v2\experiment5_localization\dataset\images\test\0463_0648751949_01_WRI-R1_F009.png,NONE,0.0,0
0463_0648752099_02_WRI-R2_F009,GRAZPEDWRI-DX Normal Controls,0,d:\projects\MediMind\ai-prediction-service\artifacts\fracture_v2\experiment5_localization\dataset\images\test\0463_0648752099_02_WRI-R2_F009.png,NONE,0.0,0
0463_0812368633_03_WRI-L1_F015,GRAZPEDWRI-DX Normal Controls,0,d:\projects\MediMind\ai-prediction-service\artifacts\fracture_v2\experiment5_localization\dataset\images\test\0463_0812368633_03_WRI-L1_F015.png,NONE,0.0,0
0463_0812368666_03_WRI-L2_F015,GRAZPEDWRI-DX Normal Controls,0,d:\projects\MediMind\ai-prediction-service\artifacts\fracture_v2\experiment5_localization\dataset\images\test\0463_0812368666_03_WRI-L2_F015.png,NONE,0.0,0
0495_0596442589_01_WRI-L1_M004,GRAZPEDWRI-DX Normal Controls,0,d:\projects\MediMind\ai-prediction-service\artifacts\fracture_v2\experiment5_localization\dataset\images\test\0495_0596442589_01_WRI-L1_M004.png,NONE,0.0,0
0497_0846764711_01_WRI-R1_F010,GRAZPEDWRI-DX Normal Controls,0,d:\projects\MediMind\ai-prediction-service\artifacts\fracture_v2\experiment5_localization\dataset\images\test\0497_0846764711_01_WRI-R1_F010.png,NONE,0.0,0
0517_0712573731_01_WRI-R1_M011,GRAZPEDWRI-DX Normal Controls,0,d:\projects\MediMind\ai-prediction-service\artifacts\fracture_v2\experiment5_localization\dataset\images\test\0517_0712573731_01_WRI-R1_M011.png,NONE,0.0,0
0517_0712573751_01_WRI-R2_M011,GRAZPEDWRI-DX Normal Controls,0,d:\projects\MediMind\ai-prediction-service\artifacts\fracture_v2\experiment5_localization\dataset\images\test\0517_0712573751_01_WRI-R2_M011.png,NONE,0.0,0
0522_0600823096_03_WRI-R1_M008,GRAZPEDWRI-DX Normal Controls,0,d:\projects\MediMind\ai-prediction-service\artifacts\fracture_v2\experiment5_localization\dataset\images\test\0522_0600823096_03_WRI-R1_M008.png,"[0.3106, 0.5016, 0.5861, 0.6077]",0.3581,1
0547_0875714657_03_WRI-R1_F015,GRAZPEDWRI-DX Normal Controls,0,d:\projects\MediMind\ai-prediction-service\artifacts\fracture_v2\experiment5_localization\dataset\images\test\0547_0875714657_03_WRI-R1_F015.png,NONE,0.0,0
0547_0875714688_03_WRI-R2_F015,GRAZPEDWRI-DX Normal Controls,0,d:\projects\MediMind\ai-prediction-service\artifacts\fracture_v2\experiment5_localization\dataset\images\test\0547_0875714688_03_WRI-R2_F015.png,"[0.484, 0.4677, 0.872, 0.6064]",0.2084,1
0573_1092332158_01_WRI-L1_F016,GRAZPEDWRI-DX Normal Controls,0,d:\projects\MediMind\ai-prediction-service\artifacts\fracture_v2\experiment5_localization\dataset\images\test\0573_1092332158_01_WRI-L1_F016.png,NONE,0.0,0
0573_1092332214_01_WRI-L2_F016,GRAZPEDWRI-DX Normal Controls,0,d:\projects\MediMind\ai-prediction-service\artifacts\fracture_v2\experiment5_localization\dataset\images\test\0573_1092332214_01_WRI-L2_F016.png,NONE,0.0,0
0580_0544872303_01_WRI-L2_M013,GRAZPEDWRI-DX Normal Controls,0,d:\projects\MediMind\ai-prediction-service\artifacts\fracture_v2\experiment5_localization\dataset\images\test\0580_0544872303_01_WRI-L2_M013.png,NONE,0.0,0
0580_0544872336_01_WRI-L1_M013,GRAZPEDWRI-DX Normal Controls,0,d:\projects\MediMind\ai-prediction-service\artifacts\fracture_v2\experiment5_localization\dataset\images\test\0580_0544872336_01_WRI-L1_M013.png,NONE,0.0,0
0587_1070924561_01_WRI-R1_F017,GRAZPEDWRI-DX Normal Controls,0,d:\projects\MediMind\ai-prediction-service\artifacts\fracture_v2\experiment5_localization\dataset\images\test\0587_1070924561_01_WRI-R1_F017.png,NONE,0.0,0
0587_1070924589_01_WRI-R2_F017,GRAZPEDWRI-DX Normal Controls,0,d:\projects\MediMind\ai-prediction-service\artifacts\fracture_v2\experiment5_localization\dataset\images\test\0587_1070924589_01_WRI-R2_F017.png,NONE,0.0,0
0597_0636298809_01_WRI-L1_F014,GRAZPEDWRI-DX Normal Controls,0,d:\projects\MediMind\ai-prediction-service\artifacts\fracture_v2\experiment5_localization\dataset\images\test\0597_0636298809_01_WRI-L1_F014.png,NONE,0.0,0
0597_0636298854_01_WRI-L2_F014,GRAZPEDWRI-DX Normal Controls,0,d:\projects\MediMind\ai-prediction-service\artifacts\fracture_v2\experiment5_localization\dataset\images\test\0597_0636298854_01_WRI-L2_F014.png,"[0.2617, 0.3236, 0.5858, 0.3966]",0.3247,1
0606_0261904330_01_WRI-R1_F004,GRAZPEDWRI-DX Normal Controls,0,d:\projects\MediMind\ai-prediction-service\artifacts\fracture_v2\experiment5_localization\dataset\images\test\0606_0261904330_01_WRI-R1_F004.png,"[0.2366, 0.3837, 0.4748, 0.4606]",0.1877,1
0606_0261904350_01_WRI-R2_F004,GRAZPEDWRI-DX Normal Controls,0,d:\projects\MediMind\ai-prediction-service\artifacts\fracture_v2\experiment5_localization\dataset\images\test\0606_0261904350_01_WRI-R2_F004.png,"[0.3864, 0.2882, 0.6472, 0.3582]",0.2579,1
0606_0383749427_02_WRI-R1_F008,GRAZPEDWRI-DX Normal Controls,0,d:\projects\MediMind\ai-prediction-service\artifacts\fracture_v2\experiment5_localization\dataset\images\test\0606_0383749427_02_WRI-R1_F008.png,NONE,0.0,0
0609_0568010841_01_WRI-R1_F009,GRAZPEDWRI-DX Normal Controls,0,d:\projects\MediMind\ai-prediction-service\artifacts\fracture_v2\experiment5_localization\dataset\images\test\0609_0568010841_01_WRI-R1_F009.png,NONE,0.0,0
0609_0735076107_02_WRI-L1_F014,GRAZPEDWRI-DX Normal Controls,0,d:\projects\MediMind\ai-prediction-service\artifacts\fracture_v2\experiment5_localization\dataset\images\test\0609_0735076107_02_WRI-L1_F014.png,"[0.1073, 0.1457, 0.2352, 0.2005]",0.3119,1
0609_0735076158_02_WRI-L2_F014,GRAZPEDWRI-DX Normal Controls,0,d:\projects\MediMind\ai-prediction-service\artifacts\fracture_v2\experiment5_localization\dataset\images\test\0609_0735076158_02_WRI-L2_F014.png,NONE,0.0,0
0615_0302366954_01_WRI-R1_F012,GRAZPEDWRI-DX Normal Controls,0,d:\projects\MediMind\ai-prediction-service\artifacts\fracture_v2\experiment5_localization\dataset\images\test\0615_0302366954_01_WRI-R1_F012.png,NONE,0.0,0
0615_0302366982_01_WRI-R2_F012,GRAZPEDWRI-DX Normal Controls,0,d:\projects\MediMind\ai-prediction-service\artifacts\fracture_v2\experiment5_localization\dataset\images\test\0615_0302366982_01_WRI-R2_F012.png,NONE,0.0,0
0625_0607814187_01_WRI-L1_F010,GRAZPEDWRI-DX Normal Controls,0,d:\projects\MediMind\ai-prediction-service\artifacts\fracture_v2\experiment5_localization\dataset\images\test\0625_0607814187_01_WRI-L1_F010.png,NONE,0.0,0
0625_0607814228_01_WRI-L2_F010,GRAZPEDWRI-DX Normal Controls,0,d:\projects\MediMind\ai-prediction-service\artifacts\fracture_v2\experiment5_localization\dataset\images\test\0625_0607814228_01_WRI-L2_F010.png,NONE,0.0,0
0626_0654655856_01_WRI-R1_F004,GRAZPEDWRI-DX Normal Controls,0,d:\projects\MediMind\ai-prediction-service\artifacts\fracture_v2\experiment5_localization\dataset\images\test\0626_0654655856_01_WRI-R1_F004.png,"[0.3921, 0.6135, 0.4982, 0.6869]",0.3769,1
0626_0654655881_01_WRI-R2_F004,GRAZPEDWRI-DX Normal Controls,0,d:\projects\MediMind\ai-prediction-service\artifacts\fracture_v2\experiment5_localization\dataset\images\test\0626_0654655881_01_WRI-R2_F004.png,NONE,0.0,0
0629_0535793764_01_WRI-L1_F016,GRAZPEDWRI-DX Normal Controls,0,d:\projects\MediMind\ai-prediction-service\artifacts\fracture_v2\experiment5_localization\dataset\images\test\0629_0535793764_01_WRI-L1_F016.png,NONE,0.0,0
0629_0535793797_01_WRI-L2_F016,GRAZPEDWRI-DX Normal Controls,0,d:\projects\MediMind\ai-prediction-service\artifacts\fracture_v2\experiment5_localization\dataset\images\test\0629_0535793797_01_WRI-L2_F016.png,NONE,0.0,0
0639_1118255000_01_WRI-R2_M010,GRAZPEDWRI-DX Normal Controls,0,d:\projects\MediMind\ai-prediction-service\artifacts\fracture_v2\experiment5_localization\dataset\images\test\0639_1118255000_01_WRI-R2_M010.png,NONE,0.0,0
0639_1118255040_01_WRI-R1_M010,GRAZPEDWRI-DX Normal Controls,0,d:\projects\MediMind\ai-prediction-service\artifacts\fracture_v2\experiment5_localization\dataset\images\test\0639_1118255040_01_WRI-R1_M010.png,NONE,0.0,0
0639_1118677882_02_WRI-R1_M010,GRAZPEDWRI-DX Normal Controls,0,d:\projects\MediMind\ai-prediction-service\artifacts\fracture_v2\experiment5_localization\dataset\images\test\0639_1118677882_02_WRI-R1_M010.png,NONE,0.0,0
0639_1118677923_02_WRI-R2_M010,GRAZPEDWRI-DX Normal Controls,0,d:\projects\MediMind\ai-prediction-service\artifacts\fracture_v2\experiment5_localization\dataset\images\test\0639_1118677923_02_WRI-R2_M010.png,"[0.5664, 0.5906, 0.7171, 0.6478]",0.611,1
0639_1119275308_03_WRI-R1_M010,GRAZPEDWRI-DX Normal Controls,0,d:\projects\MediMind\ai-prediction-service\artifacts\fracture_v2\experiment5_localization\dataset\images\test\0639_1119275308_03_WRI-R1_M010.png,"[0.675, 0.5649, 0.8307, 0.6225]",0.2531,1
0639_1119275345_03_WRI-R2_M010,GRAZPEDWRI-DX Normal Controls,0,d:\projects\MediMind\ai-prediction-service\artifacts\fracture_v2\experiment5_localization\dataset\images\test\0639_1119275345_03_WRI-R2_M010.png,NONE,0.0,0
0640_0442148822_06_WRI-L2_F011,GRAZPEDWRI-DX Normal Controls,0,d:\projects\MediMind\ai-prediction-service\artifacts\fracture_v2\experiment5_localization\dataset\images\test\0640_0442148822_06_WRI-L2_F011.png,NONE,0.0,0
0652_0701579254_01_WRI-R1_M014,GRAZPEDWRI-DX Normal Controls,0,d:\projects\MediMind\ai-prediction-service\artifacts\fracture_v2\experiment5_localization\dataset\images\test\0652_0701579254_01_WRI-R1_M014.png,"[0.285, 0.4702, 0.6051, 0.5579]",0.1729,1
0700_1061645755_01_WRI-L1_M016,GRAZPEDWRI-DX Normal Controls,0,d:\projects\MediMind\ai-prediction-service\artifacts\fracture_v2\experiment5_localization\dataset\images\test\0700_1061645755_01_WRI-L1_M016.png,NONE,0.0,0
0700_1061645799_01_WRI-L2_M016,GRAZPEDWRI-DX Normal Controls,0,d:\projects\MediMind\ai-prediction-service\artifacts\fracture_v2\experiment5_localization\dataset\images\test\0700_1061645799_01_WRI-L2_M016.png,NONE,0.0,0
0704_1208382225_01_WRI-L1_M007,GRAZPEDWRI-DX Normal Controls,0,d:\projects\MediMind\ai-prediction-service\artifacts\fracture_v2\experiment5_localization\dataset\images\test\0704_1208382225_01_WRI-L1_M007.png,NONE,0.0,0
0704_1208382260_01_WRI-L2_M007,GRAZPEDWRI-DX Normal Controls,0,d:\projects\MediMind\ai-prediction-service\artifacts\fracture_v2\experiment5_localization\dataset\images\test\0704_1208382260_01_WRI-L2_M007.png,NONE,0.0,0
0712_0207646048_03_WRI-R1_M013,GRAZPEDWRI-DX Normal Controls,0,d:\projects\MediMind\ai-prediction-service\artifacts\fracture_v2\experiment5_localization\dataset\images\test\0712_0207646048_03_WRI-R1_M013.png,"[0.2741, 0.5235, 0.5558, 0.6104]",0.2194,1
0720_0858805547_01_WRI-R1_M011,GRAZPEDWRI-DX Normal Controls,0,d:\projects\MediMind\ai-prediction-service\artifacts\fracture_v2\experiment5_localization\dataset\images\test\0720_0858805547_01_WRI-R1_M011.png,NONE,0.0,0
0720_0858805575_01_WRI-R2_M011,GRAZPEDWRI-DX Normal Controls,0,d:\projects\MediMind\ai-prediction-service\artifacts\fracture_v2\experiment5_localization\dataset\images\test\0720_0858805575_01_WRI-R2_M011.png,NONE,0.0,0
0731_0948041188_01_WRI-R1_F012,GRAZPEDWRI-DX Normal Controls,0,d:\projects\MediMind\ai-prediction-service\artifacts\fracture_v2\experiment5_localization\dataset\images\test\0731_0948041188_01_WRI-R1_F012.png,NONE,0.0,0
0734_0615952470_01_WRI-R1_M007,GRAZPEDWRI-DX Normal Controls,0,d:\projects\MediMind\ai-prediction-service\artifacts\fracture_v2\experiment5_localization\dataset\images\test\0734_0615952470_01_WRI-R1_M007.png,NONE,0.0,0
0734_0615952497_01_WRI-R2_M007,GRAZPEDWRI-DX Normal Controls,0,d:\projects\MediMind\ai-prediction-service\artifacts\fracture_v2\experiment5_localization\dataset\images\test\0734_0615952497_01_WRI-R2_M007.png,NONE,0.0,0
0747_1244101255_01_WRI-R1_M012,GRAZPEDWRI-DX Normal Controls,0,d:\projects\MediMind\ai-prediction-service\artifacts\fracture_v2\experiment5_localization\dataset\images\test\0747_1244101255_01_WRI-R1_M012.png,NONE,0.0,0
0747_1244101285_01_WRI-R2_M012,GRAZPEDWRI-DX Normal Controls,0,d:\projects\MediMind\ai-prediction-service\artifacts\fracture_v2\experiment5_localization\dataset\images\test\0747_1244101285_01_WRI-R2_M012.png,NONE,0.0,0
0768_0779478801_01_WRI-R2_F006,GRAZPEDWRI-DX Normal Controls,0,d:\projects\MediMind\ai-prediction-service\artifacts\fracture_v2\experiment5_localization\dataset\images\test\0768_0779478801_01_WRI-R2_F006.png,NONE,0.0,0
0768_0779478821_01_WRI-R2_F006,GRAZPEDWRI-DX Normal Controls,0,d:\projects\MediMind\ai-prediction-service\artifacts\fracture_v2\experiment5_localization\dataset\images\test\0768_0779478821_01_WRI-R2_F006.png,NONE,0.0,0
0771_0875609554_01_WRI-R1_F015,GRAZPEDWRI-DX Normal Controls,0,d:\projects\MediMind\ai-prediction-service\artifacts\fracture_v2\experiment5_localization\dataset\images\test\0771_0875609554_01_WRI-R1_F015.png,NONE,0.0,0
0771_0875609583_01_WRI-L2_F015,GRAZPEDWRI-DX Normal Controls,0,d:\projects\MediMind\ai-prediction-service\artifacts\fracture_v2\experiment5_localization\dataset\images\test\0771_0875609583_01_WRI-L2_F015.png,NONE,0.0,0
0778_0839733298_01_WRI-L1_M010,GRAZPEDWRI-DX Normal Controls,0,d:\projects\MediMind\ai-prediction-service\artifacts\fracture_v2\experiment5_localization\dataset\images\test\0778_0839733298_01_WRI-L1_M010.png,NONE,0.0,0
0812_0292060027_01_WRI-L1_M011,GRAZPEDWRI-DX Normal Controls,0,d:\projects\MediMind\ai-prediction-service\artifacts\fracture_v2\experiment5_localization\dataset\images\test\0812_0292060027_01_WRI-L1_M011.png,NONE,0.0,0
0812_0292060056_01_WRI-L2_M011,GRAZPEDWRI-DX Normal Controls,0,d:\projects\MediMind\ai-prediction-service\artifacts\fracture_v2\experiment5_localization\dataset\images\test\0812_0292060056_01_WRI-L2_M011.png,NONE,0.0,0
0822_0835446084_01_WRI-L1_F009,GRAZPEDWRI-DX Normal Controls,0,d:\projects\MediMind\ai-prediction-service\artifacts\fracture_v2\experiment5_localization\dataset\images\test\0822_0835446084_01_WRI-L1_F009.png,NONE,0.0,0
0836_0905449572_01_WRI-L2_M011,GRAZPEDWRI-DX Normal Controls,0,d:\projects\MediMind\ai-prediction-service\artifacts\fracture_v2\experiment5_localization\dataset\images\test\0836_0905449572_01_WRI-L2_M011.png,NONE,0.0,0
0840_0571886265_01_WRI-R1_F010,GRAZPEDWRI-DX Normal Controls,0,d:\projects\MediMind\ai-prediction-service\artifacts\fracture_v2\experiment5_localization\dataset\images\test\0840_0571886265_01_WRI-R1_F010.png,NONE,0.0,0
0840_0571886281_01_WRI-R2_F010,GRAZPEDWRI-DX Normal Controls,0,d:\projects\MediMind\ai-prediction-service\artifacts\fracture_v2\experiment5_localization\dataset\images\test\0840_0571886281_01_WRI-R2_F010.png,NONE,0.0,0
0905_0877795900_01_WRI-L1_F013,GRAZPEDWRI-DX Normal Controls,0,d:\projects\MediMind\ai-prediction-service\artifacts\fracture_v2\experiment5_localization\dataset\images\test\0905_0877795900_01_WRI-L1_F013.png,NONE,0.0,0
0910_0207085978_01_WRI-R1_F004,GRAZPEDWRI-DX Normal Controls,0,d:\projects\MediMind\ai-prediction-service\artifacts\fracture_v2\experiment5_localization\dataset\images\test\0910_0207085978_01_WRI-R1_F004.png,NONE,0.0,0
0910_0207086023_02_WRI-R2_F004,GRAZPEDWRI-DX Normal Controls,0,d:\projects\MediMind\ai-prediction-service\artifacts\fracture_v2\experiment5_localization\dataset\images\test\0910_0207086023_02_WRI-R2_F004.png,NONE,0.0,0
0930_0883258483_01_WRI-L1_M014,GRAZPEDWRI-DX Normal Controls,0,d:\projects\MediMind\ai-prediction-service\artifacts\fracture_v2\experiment5_localization\dataset\images\test\0930_0883258483_01_WRI-L1_M014.png,NONE,0.0,0
0930_0883258517_01_WRI-L2_M014,GRAZPEDWRI-DX Normal Controls,0,d:\projects\MediMind\ai-prediction-service\artifacts\fracture_v2\experiment5_localization\dataset\images\test\0930_0883258517_01_WRI-L2_M014.png,NONE,0.0,0
0930_0895141746_02_WRI-R1_M015,GRAZPEDWRI-DX Normal Controls,0,d:\projects\MediMind\ai-prediction-service\artifacts\fracture_v2\experiment5_localization\dataset\images\test\0930_0895141746_02_WRI-R1_M015.png,"[0.5653, 0.0755, 0.7127, 0.1398]",0.1712,1
0930_0895141794_02_WRI-R2_M015,GRAZPEDWRI-DX Normal Controls,0,d:\projects\MediMind\ai-prediction-service\artifacts\fracture_v2\experiment5_localization\dataset\images\test\0930_0895141794_02_WRI-R2_M015.png,NONE,0.0,0
0938_1116486332_01_WRI-R1_F016,GRAZPEDWRI-DX Normal Controls,0,d:\projects\MediMind\ai-prediction-service\artifacts\fracture_v2\experiment5_localization\dataset\images\test\0938_1116486332_01_WRI-R1_F016.png,NONE,0.0,0
0938_1116486371_01_WRI-R2_F016,GRAZPEDWRI-DX Normal Controls,0,d:\projects\MediMind\ai-prediction-service\artifacts\fracture_v2\experiment5_localization\dataset\images\test\0938_1116486371_01_WRI-R2_F016.png,NONE,0.0,0
0942_0193347862_01_WRI-L1_F010,GRAZPEDWRI-DX Normal Controls,0,d:\projects\MediMind\ai-prediction-service\artifacts\fracture_v2\experiment5_localization\dataset\images\test\0942_0193347862_01_WRI-L1_F010.png,NONE,0.0,0
0942_0193347896_01_WRI-L2_F010,GRAZPEDWRI-DX Normal Controls,0,d:\projects\MediMind\ai-prediction-service\artifacts\fracture_v2\experiment5_localization\dataset\images\test\0942_0193347896_01_WRI-L2_F010.png,NONE,0.0,0
0956_0822904239_01_WRI-R1_F011,GRAZPEDWRI-DX Normal Controls,0,d:\projects\MediMind\ai-prediction-service\artifacts\fracture_v2\experiment5_localization\dataset\images\test\0956_0822904239_01_WRI-R1_F011.png,NONE,0.0,0
0956_0822904300_01_WRI-R2_F011,GRAZPEDWRI-DX Normal Controls,0,d:\projects\MediMind\ai-prediction-service\artifacts\fracture_v2\experiment5_localization\dataset\images\test\0956_0822904300_01_WRI-R2_F011.png,NONE,0.0,0
0969_0587667318_02_WRI-L1_F012,GRAZPEDWRI-DX Normal Controls,0,d:\projects\MediMind\ai-prediction-service\artifacts\fracture_v2\experiment5_localization\dataset\images\test\0969_0587667318_02_WRI-L1_F012.png,NONE,0.0,0
0969_0587667344_02_WRI-L2_F012,GRAZPEDWRI-DX Normal Controls,0,d:\projects\MediMind\ai-prediction-service\artifacts\fracture_v2\experiment5_localization\dataset\images\test\0969_0587667344_02_WRI-L2_F012.png,NONE,0.0,0
0991_1156376245_01_WRI-R1_F008,GRAZPEDWRI-DX Normal Controls,0,d:\projects\MediMind\ai-prediction-service\artifacts\fracture_v2\experiment5_localization\dataset\images\test\0991_1156376245_01_WRI-R1_F008.png,NONE,0.0,0
0991_1156376275_01_WRI-R2_F008,GRAZPEDWRI-DX Normal Controls,0,d:\projects\MediMind\ai-prediction-service\artifacts\fracture_v2\experiment5_localization\dataset\images\test\0991_1156376275_01_WRI-R2_F008.png,NONE,0.0,0
1011_0311002386_01_WRI-L1_F017,GRAZPEDWRI-DX Normal Controls,0,d:\projects\MediMind\ai-prediction-service\artifacts\fracture_v2\experiment5_localization\dataset\images\test\1011_0311002386_01_WRI-L1_F017.png,NONE,0.0,0
1011_0311002414_01_WRI-L2_F017,GRAZPEDWRI-DX Normal Controls,0,d:\projects\MediMind\ai-prediction-service\artifacts\fracture_v2\experiment5_localization\dataset\images\test\1011_0311002414_01_WRI-L2_F017.png,NONE,0.0,0
1019_0481421083_01_WRI-R1_M013,GRAZPEDWRI-DX Normal Controls,0,d:\projects\MediMind\ai-prediction-service\artifacts\fracture_v2\experiment5_localization\dataset\images\test\1019_0481421083_01_WRI-R1_M013.png,NONE,0.0,0
1019_0481421102_01_WRI-R2_M013,GRAZPEDWRI-DX Normal Controls,0,d:\projects\MediMind\ai-prediction-service\artifacts\fracture_v2\experiment5_localization\dataset\images\test\1019_0481421102_01_WRI-R2_M013.png,"[0.0852, 0.0405, 0.4417, 0.1381]",0.3422,1
1037_0543497203_01_WRI-R1_M013,GRAZPEDWRI-DX Normal Controls,0,d:\projects\MediMind\ai-prediction-service\artifacts\fracture_v2\experiment5_localization\dataset\images\test\1037_0543497203_01_WRI-R1_M013.png,NONE,0.0,0
1042_0499439473_01_WRI-R1_F009,GRAZPEDWRI-DX Normal Controls,0,d:\projects\MediMind\ai-prediction-service\artifacts\fracture_v2\experiment5_localization\dataset\images\test\1042_0499439473_01_WRI-R1_F009.png,NONE,0.0,0
1042_0499439503_01_WRI-R2_F009,GRAZPEDWRI-DX Normal Controls,0,d:\projects\MediMind\ai-prediction-service\artifacts\fracture_v2\experiment5_localization\dataset\images\test\1042_0499439503_01_WRI-R2_F009.png,NONE,0.0,0
1044_1001752789_02_WRI-R1_F013,GRAZPEDWRI-DX Normal Controls,0,d:\projects\MediMind\ai-prediction-service\artifacts\fracture_v2\experiment5_localization\dataset\images\test\1044_1001752789_02_WRI-R1_F013.png,NONE,0.0,0
1044_1003458447_03_WRI-R1_F013,GRAZPEDWRI-DX Normal Controls,0,d:\projects\MediMind\ai-prediction-service\artifacts\fracture_v2\experiment5_localization\dataset\images\test\1044_1003458447_03_WRI-R1_F013.png,NONE,0.0,0
1051_0321027974_01_WRI-L1_F011,GRAZPEDWRI-DX Normal Controls,0,d:\projects\MediMind\ai-prediction-service\artifacts\fracture_v2\experiment5_localization\dataset\images\test\1051_0321027974_01_WRI-L1_F011.png,NONE,0.0,0
1051_0321028014_02_WRI-L2_F011,GRAZPEDWRI-DX Normal Controls,0,d:\projects\MediMind\ai-prediction-service\artifacts\fracture_v2\experiment5_localization\dataset\images\test\1051_0321028014_02_WRI-L2_F011.png,NONE,0.0,0
1055_1050482047_01_WRI-L1_F006,GRAZPEDWRI-DX Normal Controls,0,d:\projects\MediMind\ai-prediction-service\artifacts\fracture_v2\experiment5_localization\dataset\images\test\1055_1050482047_01_WRI-L1_F006.png,NONE,0.0,0
1055_1050482082_01_WRI-L2_F006,GRAZPEDWRI-DX Normal Controls,0,d:\projects\MediMind\ai-prediction-service\artifacts\fracture_v2\experiment5_localization\dataset\images\test\1055_1050482082_01_WRI-L2_F006.png,NONE,0.0,0
1057_0729162534_01_WRI-R1_F014,GRAZPEDWRI-DX Normal Controls,0,d:\projects\MediMind\ai-prediction-service\artifacts\fracture_v2\experiment5_localization\dataset\images\test\1057_0729162534_01_WRI-R1_F014.png,"[0.6082, 0.0576, 0.7374, 0.1125]",0.2863,1
1057_0729162567_01_WRI-R2_F014,GRAZPEDWRI-DX Normal Controls,0,d:\projects\MediMind\ai-prediction-service\artifacts\fracture_v2\experiment5_localization\dataset\images\test\1057_0729162567_01_WRI-R2_F014.png,"[0.3499, 0.0732, 0.5827, 0.1473]",0.2757,1
1095_0350839569_01_WRI-L1_F005,GRAZPEDWRI-DX Normal Controls,0,d:\projects\MediMind\ai-prediction-service\artifacts\fracture_v2\experiment5_localization\dataset\images\test\1095_0350839569_01_WRI-L1_F005.png,NONE,0.0,0
1109_0547124268_01_WRI-R1_F010,GRAZPEDWRI-DX Normal Controls,0,d:\projects\MediMind\ai-prediction-service\artifacts\fracture_v2\experiment5_localization\dataset\images\test\1109_0547124268_01_WRI-R1_F010.png,NONE,0.0,0
1109_0547124310_01_WRI-R2_F010,GRAZPEDWRI-DX Normal Controls,0,d:\projects\MediMind\ai-prediction-service\artifacts\fracture_v2\experiment5_localization\dataset\images\test\1109_0547124310_01_WRI-R2_F010.png,NONE,0.0,0
1113_0987736003_01_WRI-R1_M011,GRAZPEDWRI-DX Normal Controls,0,d:\projects\MediMind\ai-prediction-service\artifacts\fracture_v2\experiment5_localization\dataset\images\test\1113_0987736003_01_WRI-R1_M011.png,NONE,0.0,0
1113_0987736030_01_WRI-R2_M011,GRAZPEDWRI-DX Normal Controls,0,d:\projects\MediMind\ai-prediction-service\artifacts\fracture_v2\experiment5_localization\dataset\images\test\1113_0987736030_01_WRI-R2_M011.png,NONE,0.0,0
1125_0610744634_01_WRI-L1_F009,GRAZPEDWRI-DX Normal Controls,0,d:\projects\MediMind\ai-prediction-service\artifacts\fracture_v2\experiment5_localization\dataset\images\test\1125_0610744634_01_WRI-L1_F009.png,NONE,0.0,0
1125_0610744677_01_WRI-L2_F009,GRAZPEDWRI-DX Normal Controls,0,d:\projects\MediMind\ai-prediction-service\artifacts\fracture_v2\experiment5_localization\dataset\images\test\1125_0610744677_01_WRI-L2_F009.png,"[0.3056, 0.4186, 0.5232, 0.4778]",0.2266,1
1125_0714406596_02_WRI-L1_F012,GRAZPEDWRI-DX Normal Controls,0,d:\projects\MediMind\ai-prediction-service\artifacts\fracture_v2\experiment5_localization\dataset\images\test\1125_0714406596_02_WRI-L1_F012.png,NONE,0.0,0
1125_0714406623_02_WRI-L2_F012,GRAZPEDWRI-DX Normal Controls,0,d:\projects\MediMind\ai-prediction-service\artifacts\fracture_v2\experiment5_localization\dataset\images\test\1125_0714406623_02_WRI-L2_F012.png,NONE,0.0,0
1145_1191225511_01_WRI-R1_F012,GRAZPEDWRI-DX Normal Controls,0,d:\projects\MediMind\ai-prediction-service\artifacts\fracture_v2\experiment5_localization\dataset\images\test\1145_1191225511_01_WRI-R1_F012.png,NONE,0.0,0
1145_1191225554_01_WRI-R2_F012,GRAZPEDWRI-DX Normal Controls,0,d:\projects\MediMind\ai-prediction-service\artifacts\fracture_v2\experiment5_localization\dataset\images\test\1145_1191225554_01_WRI-R2_F012.png,NONE,0.0,0
1177_1085653569_01_WRI-R1_M016,GRAZPEDWRI-DX Normal Controls,0,d:\projects\MediMind\ai-prediction-service\artifacts\fracture_v2\experiment5_localization\dataset\images\test\1177_1085653569_01_WRI-R1_M016.png,NONE,0.0,0
1177_1085653614_01_WRI-R2_M016,GRAZPEDWRI-DX Normal Controls,0,d:\projects\MediMind\ai-prediction-service\artifacts\fracture_v2\experiment5_localization\dataset\images\test\1177_1085653614_01_WRI-R2_M016.png,NONE,0.0,0
1181_0558300671_01_WRI-L1_F010,GRAZPEDWRI-DX Normal Controls,0,d:\projects\MediMind\ai-prediction-service\artifacts\fracture_v2\experiment5_localization\dataset\images\test\1181_0558300671_01_WRI-L1_F010.png,NONE,0.0,0
1181_0558300693_01_WRI-L2_F010,GRAZPEDWRI-DX Normal Controls,0,d:\projects\MediMind\ai-prediction-service\artifacts\fracture_v2\experiment5_localization\dataset\images\test\1181_0558300693_01_WRI-L2_F010.png,NONE,0.0,0
1206_0311536710_01_WRI-L1_M012,GRAZPEDWRI-DX Normal Controls,0,d:\projects\MediMind\ai-prediction-service\artifacts\fracture_v2\experiment5_localization\dataset\images\test\1206_0311536710_01_WRI-L1_M012.png,NONE,0.0,0
1206_0311536787_01_WRI-L2_M012,GRAZPEDWRI-DX Normal Controls,0,d:\projects\MediMind\ai-prediction-service\artifacts\fracture_v2\experiment5_localization\dataset\images\test\1206_0311536787_01_WRI-L2_M012.png,NONE,0.0,0
1211_1130489261_01_WRI-R1_F015,GRAZPEDWRI-DX Normal Controls,0,d:\projects\MediMind\ai-prediction-service\artifacts\fracture_v2\experiment5_localization\dataset\images\test\1211_1130489261_01_WRI-R1_F015.png,"[0.762, 0.0748, 0.9014, 0.1302]",0.2482,1
1211_1130489312_01_WRI-R2_F015,GRAZPEDWRI-DX Normal Controls,0,d:\projects\MediMind\ai-prediction-service\artifacts\fracture_v2\experiment5_localization\dataset\images\test\1211_1130489312_01_WRI-R2_F015.png,NONE,0.0,0
1213_0684319224_01_WRI-L1_M011,GRAZPEDWRI-DX Normal Controls,0,d:\projects\MediMind\ai-prediction-service\artifacts\fracture_v2\experiment5_localization\dataset\images\test\1213_0684319224_01_WRI-L1_M011.png,NONE,0.0,0
1213_0684319343_01_WRI-L2_M011,GRAZPEDWRI-DX Normal Controls,0,d:\projects\MediMind\ai-prediction-service\artifacts\fracture_v2\experiment5_localization\dataset\images\test\1213_0684319343_01_WRI-L2_M011.png,"[0.3861, 0.4818, 0.5883, 0.5444]",0.2745,1
1214_0757300933_01_WRI-L1_M013,GRAZPEDWRI-DX Normal Controls,0,d:\projects\MediMind\ai-prediction-service\artifacts\fracture_v2\experiment5_localization\dataset\images\test\1214_0757300933_01_WRI-L1_M013.png,NONE,0.0,0
1214_0757300960_01_WRI-L2_M013,GRAZPEDWRI-DX Normal Controls,0,d:\projects\MediMind\ai-prediction-service\artifacts\fracture_v2\experiment5_localization\dataset\images\test\1214_0757300960_01_WRI-L2_M013.png,NONE,0.0,0
1218_0256565451_01_WRI-L1_M010,GRAZPEDWRI-DX Normal Controls,0,d:\projects\MediMind\ai-prediction-service\artifacts\fracture_v2\experiment5_localization\dataset\images\test\1218_0256565451_01_WRI-L1_M010.png,NONE,0.0,0
1218_0256565468_01_WRI-L2_M010,GRAZPEDWRI-DX Normal Controls,0,d:\projects\MediMind\ai-prediction-service\artifacts\fracture_v2\experiment5_localization\dataset\images\test\1218_0256565468_01_WRI-L2_M010.png,"[0.2384, 0.5187, 0.4266, 0.5828]",0.197,1
1220_0556841729_01_WRI-L2_F014,GRAZPEDWRI-DX Normal Controls,0,d:\projects\MediMind\ai-prediction-service\artifacts\fracture_v2\experiment5_localization\dataset\images\test\1220_0556841729_01_WRI-L2_F014.png,NONE,0.0,0
1220_0556846215_02_WRI-L1_F014,GRAZPEDWRI-DX Normal Controls,0,d:\projects\MediMind\ai-prediction-service\artifacts\fracture_v2\experiment5_localization\dataset\images\test\1220_0556846215_02_WRI-L1_F014.png,NONE,0.0,0
1242_1108563228_01_WRI-R1_M016,GRAZPEDWRI-DX Normal Controls,0,d:\projects\MediMind\ai-prediction-service\artifacts\fracture_v2\experiment5_localization\dataset\images\test\1242_1108563228_01_WRI-R1_M016.png,NONE,0.0,0
1242_1108563266_01_WRI-R2_M016,GRAZPEDWRI-DX Normal Controls,0,d:\projects\MediMind\ai-prediction-service\artifacts\fracture_v2\experiment5_localization\dataset\images\test\1242_1108563266_01_WRI-R2_M016.png,"[0.4723, 0.5435, 0.724, 0.6011]",0.2572,1
1259_0823186482_01_WRI-R1_M013,GRAZPEDWRI-DX Normal Controls,0,d:\projects\MediMind\ai-prediction-service\artifacts\fracture_v2\experiment5_localization\dataset\images\test\1259_0823186482_01_WRI-R1_M013.png,NONE,0.0,0
1259_0823186527_01_WRI-R2_M013,GRAZPEDWRI-DX Normal Controls,0,d:\projects\MediMind\ai-prediction-service\artifacts\fracture_v2\experiment5_localization\dataset\images\test\1259_0823186527_01_WRI-R2_M013.png,NONE,0.0,0
1277_1150124914_01_WRI-R1_F011,GRAZPEDWRI-DX Normal Controls,0,d:\projects\MediMind\ai-prediction-service\artifacts\fracture_v2\experiment5_localization\dataset\images\test\1277_1150124914_01_WRI-R1_F011.png,NONE,0.0,0
1277_1150124947_01_WRI-R2_F011,GRAZPEDWRI-DX Normal Controls,0,d:\projects\MediMind\ai-prediction-service\artifacts\fracture_v2\experiment5_localization\dataset\images\test\1277_1150124947_01_WRI-R2_F011.png,NONE,0.0,0
1303_0406825999_01_WRI-R1_F010,GRAZPEDWRI-DX Normal Controls,0,d:\projects\MediMind\ai-prediction-service\artifacts\fracture_v2\experiment5_localization\dataset\images\test\1303_0406825999_01_WRI-R1_F010.png,NONE,0.0,0
1303_0406826042_02_WRI-R2_F010,GRAZPEDWRI-DX Normal Controls,0,d:\projects\MediMind\ai-prediction-service\artifacts\fracture_v2\experiment5_localization\dataset\images\test\1303_0406826042_02_WRI-R2_F010.png,NONE,0.0,0
1308_1057752144_01_WRI-L1_F011,GRAZPEDWRI-DX Normal Controls,0,d:\projects\MediMind\ai-prediction-service\artifacts\fracture_v2\experiment5_localization\dataset\images\test\1308_1057752144_01_WRI-L1_F011.png,NONE,0.0,0
1308_1057752190_01_WRI-L2_F011,GRAZPEDWRI-DX Normal Controls,0,d:\projects\MediMind\ai-prediction-service\artifacts\fracture_v2\experiment5_localization\dataset\images\test\1308_1057752190_01_WRI-L2_F011.png,NONE,0.0,0
1308_1057752230_01_WRI-R1_F011,GRAZPEDWRI-DX Normal Controls,0,d:\projects\MediMind\ai-prediction-service\artifacts\fracture_v2\experiment5_localization\dataset\images\test\1308_1057752230_01_WRI-R1_F011.png,NONE,0.0,0
1308_1057752269_01_WRI-R2_F011,GRAZPEDWRI-DX Normal Controls,0,d:\projects\MediMind\ai-prediction-service\artifacts\fracture_v2\experiment5_localization\dataset\images\test\1308_1057752269_01_WRI-R2_F011.png,NONE,0.0,0
1313_0514206982_01_WRI-R1_M013,GRAZPEDWRI-DX Normal Controls,0,d:\projects\MediMind\ai-prediction-service\artifacts\fracture_v2\experiment5_localization\dataset\images\test\1313_0514206982_01_WRI-R1_M013.png,NONE,0.0,0
1313_0514207070_02_WRI-R2_M013,GRAZPEDWRI-DX Normal Controls,0,d:\projects\MediMind\ai-prediction-service\artifacts\fracture_v2\experiment5_localization\dataset\images\test\1313_0514207070_02_WRI-R2_M013.png,NONE,0.0,0
1314_0979507577_03_WRI-R1_M014,GRAZPEDWRI-DX Normal Controls,0,d:\projects\MediMind\ai-prediction-service\artifacts\fracture_v2\experiment5_localization\dataset\images\test\1314_0979507577_03_WRI-R1_M014.png,NONE,0.0,0
1314_0979507639_03_WRI-R2_M014,GRAZPEDWRI-DX Normal Controls,0,d:\projects\MediMind\ai-prediction-service\artifacts\fracture_v2\experiment5_localization\dataset\images\test\1314_0979507639_03_WRI-R2_M014.png,NONE,0.0,0
1317_0991432281_01_WRI-R1_F016,GRAZPEDWRI-DX Normal Controls,0,d:\projects\MediMind\ai-prediction-service\artifacts\fracture_v2\experiment5_localization\dataset\images\test\1317_0991432281_01_WRI-R1_F016.png,NONE,0.0,0
1317_0991432312_01_WRI-R2_F016,GRAZPEDWRI-DX Normal Controls,0,d:\projects\MediMind\ai-prediction-service\artifacts\fracture_v2\experiment5_localization\dataset\images\test\1317_0991432312_01_WRI-R2_F016.png,NONE,0.0,0
1320_0385781954_01_WRI-L1_M011,GRAZPEDWRI-DX Normal Controls,0,d:\projects\MediMind\ai-prediction-service\artifacts\fracture_v2\experiment5_localization\dataset\images\test\1320_0385781954_01_WRI-L1_M011.png,"[0.4829, 0.5766, 0.704, 0.6336]",0.4243,1
1320_0385781984_01_WRI-L2_M011,GRAZPEDWRI-DX Normal Controls,0,d:\projects\MediMind\ai-prediction-service\artifacts\fracture_v2\experiment5_localization\dataset\images\test\1320_0385781984_01_WRI-L2_M011.png,NONE,0.0,0
1340_0534146964_01_WRI-R1_M013,GRAZPEDWRI-DX Normal Controls,0,d:\projects\MediMind\ai-prediction-service\artifacts\fracture_v2\experiment5_localization\dataset\images\test\1340_0534146964_01_WRI-R1_M013.png,NONE,0.0,0
1340_0534147002_02_WRI-R2_M013,GRAZPEDWRI-DX Normal Controls,0,d:\projects\MediMind\ai-prediction-service\artifacts\fracture_v2\experiment5_localization\dataset\images\test\1340_0534147002_02_WRI-R2_M013.png,NONE,0.0,0
1341_0332534412_01_WRI-R1_M015,GRAZPEDWRI-DX Normal Controls,0,d:\projects\MediMind\ai-prediction-service\artifacts\fracture_v2\experiment5_localization\dataset\images\test\1341_0332534412_01_WRI-R1_M015.png,NONE,0.0,0
1341_0332534456_01_WRI-R2_M015,GRAZPEDWRI-DX Normal Controls,0,d:\projects\MediMind\ai-prediction-service\artifacts\fracture_v2\experiment5_localization\dataset\images\test\1341_0332534456_01_WRI-R2_M015.png,NONE,0.0,0
1370_0579582957_01_WRI-R1_F007,GRAZPEDWRI-DX Normal Controls,0,d:\projects\MediMind\ai-prediction-service\artifacts\fracture_v2\experiment5_localization\dataset\images\test\1370_0579582957_01_WRI-R1_F007.png,NONE,0.0,0
1370_0579583002_02_WRI-R2_F007,GRAZPEDWRI-DX Normal Controls,0,d:\projects\MediMind\ai-prediction-service\artifacts\fracture_v2\experiment5_localization\dataset\images\test\1370_0579583002_02_WRI-R2_F007.png,NONE,0.0,0
1372_0552446011_01_WRI-L1_M010,GRAZPEDWRI-DX Normal Controls,0,d:\projects\MediMind\ai-prediction-service\artifacts\fracture_v2\experiment5_localization\dataset\images\test\1372_0552446011_01_WRI-L1_M010.png,NONE,0.0,0
1372_0552446045_01_WRI-L2_M010,GRAZPEDWRI-DX Normal Controls,0,d:\projects\MediMind\ai-prediction-service\artifacts\fracture_v2\experiment5_localization\dataset\images\test\1372_0552446045_01_WRI-L2_M010.png,NONE,0.0,0
1373_0535275381_01_WRI-L1_M014,GRAZPEDWRI-DX Normal Controls,0,d:\projects\MediMind\ai-prediction-service\artifacts\fracture_v2\experiment5_localization\dataset\images\test\1373_0535275381_01_WRI-L1_M014.png,NONE,0.0,0
1373_0535275420_01_WRI-L2_M014,GRAZPEDWRI-DX Normal Controls,0,d:\projects\MediMind\ai-prediction-service\artifacts\fracture_v2\experiment5_localization\dataset\images\test\1373_0535275420_01_WRI-L2_M014.png,NONE,0.0,0
1377_0952285405_01_WRI-R1_M010,GRAZPEDWRI-DX Normal Controls,0,d:\projects\MediMind\ai-prediction-service\artifacts\fracture_v2\experiment5_localization\dataset\images\test\1377_0952285405_01_WRI-R1_M010.png,NONE,0.0,0
1377_0952285468_01_WRI-R2_M010,GRAZPEDWRI-DX Normal Controls,0,d:\projects\MediMind\ai-prediction-service\artifacts\fracture_v2\experiment5_localization\dataset\images\test\1377_0952285468_01_WRI-R2_M010.png,NONE,0.0,0
1388_0924157608_01_WRI-R1_M012,GRAZPEDWRI-DX Normal Controls,0,d:\projects\MediMind\ai-prediction-service\artifacts\fracture_v2\experiment5_localization\dataset\images\test\1388_0924157608_01_WRI-R1_M012.png,NONE,0.0,0
1388_0924157636_01_WRI-R2_M012,GRAZPEDWRI-DX Normal Controls,0,d:\projects\MediMind\ai-prediction-service\artifacts\fracture_v2\experiment5_localization\dataset\images\test\1388_0924157636_01_WRI-R2_M012.png,NONE,0.0,0
1389_1165377394_01_WRI-L1_M012,GRAZPEDWRI-DX Normal Controls,0,d:\projects\MediMind\ai-prediction-service\artifacts\fracture_v2\experiment5_localization\dataset\images\test\1389_1165377394_01_WRI-L1_M012.png,NONE,0.0,0
1389_1165377442_01_WRI-L2_M012,GRAZPEDWRI-DX Normal Controls,0,d:\projects\MediMind\ai-prediction-service\artifacts\fracture_v2\experiment5_localization\dataset\images\test\1389_1165377442_01_WRI-L2_M012.png,NONE,0.0,0
1394_0535873693_01_WRI-R1_M013,GRAZPEDWRI-DX Normal Controls,0,d:\projects\MediMind\ai-prediction-service\artifacts\fracture_v2\experiment5_localization\dataset\images\test\1394_0535873693_01_WRI-R1_M013.png,NONE,0.0,0
1394_0535873727_01_WRI-R2_M013,GRAZPEDWRI-DX Normal Controls,0,d:\projects\MediMind\ai-prediction-service\artifacts\fracture_v2\experiment5_localization\dataset\images\test\1394_0535873727_01_WRI-R2_M013.png,"[0.2604, 0.1847, 0.5276, 0.2736]",0.1888,1
1404_0614517562_01_WRI-L1_F013,GRAZPEDWRI-DX Normal Controls,0,d:\projects\MediMind\ai-prediction-service\artifacts\fracture_v2\experiment5_localization\dataset\images\test\1404_0614517562_01_WRI-L1_F013.png,NONE,0.0,0
1404_0614517611_01_WRI-L2_F013,GRAZPEDWRI-DX Normal Controls,0,d:\projects\MediMind\ai-prediction-service\artifacts\fracture_v2\experiment5_localization\dataset\images\test\1404_0614517611_01_WRI-L2_F013.png,NONE,0.0,0
1416_0620132788_01_WRI-R1_M009,GRAZPEDWRI-DX Normal Controls,0,d:\projects\MediMind\ai-prediction-service\artifacts\fracture_v2\experiment5_localization\dataset\images\test\1416_0620132788_01_WRI-R1_M009.png,NONE,0.0,0
1416_0620132825_01_WRI-R2_M009,GRAZPEDWRI-DX Normal Controls,0,d:\projects\MediMind\ai-prediction-service\artifacts\fracture_v2\experiment5_localization\dataset\images\test\1416_0620132825_01_WRI-R2_M009.png,NONE,0.0,0
1422_0915843679_01_WRI-L1_M011,GRAZPEDWRI-DX Normal Controls,0,d:\projects\MediMind\ai-prediction-service\artifacts\fracture_v2\experiment5_localization\dataset\images\test\1422_0915843679_01_WRI-L1_M011.png,NONE,0.0,0
1422_0915843712_01_WRI-L2_M011,GRAZPEDWRI-DX Normal Controls,0,d:\projects\MediMind\ai-prediction-service\artifacts\fracture_v2\experiment5_localization\dataset\images\test\1422_0915843712_01_WRI-L2_M011.png,NONE,0.0,0
1431_0439272206_01_WRI-L1_F015,GRAZPEDWRI-DX Normal Controls,0,d:\projects\MediMind\ai-prediction-service\artifacts\fracture_v2\experiment5_localization\dataset\images\test\1431_0439272206_01_WRI-L1_F015.png,NONE,0.0,0
1431_0439272246_01_WRI-L2_F015,GRAZPEDWRI-DX Normal Controls,0,d:\projects\MediMind\ai-prediction-service\artifacts\fracture_v2\experiment5_localization\dataset\images\test\1431_0439272246_01_WRI-L2_F015.png,NONE,0.0,0
1442_0958244720_01_WRI-R1_M013,GRAZPEDWRI-DX Normal Controls,0,d:\projects\MediMind\ai-prediction-service\artifacts\fracture_v2\experiment5_localization\dataset\images\test\1442_0958244720_01_WRI-R1_M013.png,NONE,0.0,0
1442_0958244750_01_WRI-R2_M013,GRAZPEDWRI-DX Normal Controls,0,d:\projects\MediMind\ai-prediction-service\artifacts\fracture_v2\experiment5_localization\dataset\images\test\1442_0958244750_01_WRI-R2_M013.png,NONE,0.0,0
1442_0959156913_02_WRI-L1_M013,GRAZPEDWRI-DX Normal Controls,0,d:\projects\MediMind\ai-prediction-service\artifacts\fracture_v2\experiment5_localization\dataset\images\test\1442_0959156913_02_WRI-L1_M013.png,NONE,0.0,0
1446_0408375798_01_WRI-R1_M010,GRAZPEDWRI-DX Normal Controls,0,d:\projects\MediMind\ai-prediction-service\artifacts\fracture_v2\experiment5_localization\dataset\images\test\1446_0408375798_01_WRI-R1_M010.png,NONE,0.0,0
1446_0408375856_01_WRI-R2_M010,GRAZPEDWRI-DX Normal Controls,0,d:\projects\MediMind\ai-prediction-service\artifacts\fracture_v2\experiment5_localization\dataset\images\test\1446_0408375856_01_WRI-R2_M010.png,"[0.4794, 0.482, 0.6964, 0.5506]",0.2126,1
1449_1009444023_01_WRI-L1_F015,GRAZPEDWRI-DX Normal Controls,0,d:\projects\MediMind\ai-prediction-service\artifacts\fracture_v2\experiment5_localization\dataset\images\test\1449_1009444023_01_WRI-L1_F015.png,NONE,0.0,0
1449_1009444070_01_WRI-L2_F015,GRAZPEDWRI-DX Normal Controls,0,d:\projects\MediMind\ai-prediction-service\artifacts\fracture_v2\experiment5_localization\dataset\images\test\1449_1009444070_01_WRI-L2_F015.png,NONE,0.0,0
1488_0806462882_01_WRI-R1_M008,GRAZPEDWRI-DX Normal Controls,0,d:\projects\MediMind\ai-prediction-service\artifacts\fracture_v2\experiment5_localization\dataset\images\test\1488_0806462882_01_WRI-R1_M008.png,NONE,0.0,0
1488_0806462918_01_WRI-R2_M008,GRAZPEDWRI-DX Normal Controls,0,d:\projects\MediMind\ai-prediction-service\artifacts\fracture_v2\experiment5_localization\dataset\images\test\1488_0806462918_01_WRI-R2_M008.png,NONE,0.0,0
